{
    "faces":[35,0,1,3,2,0,0,0,0,0,35,2,3,5,4,0,1,1,1,1,35,4,5,7,6,0,2,2,2,2,35,6,7,9,8,0,3,3,3,3,34,5,3,1,0,4,4,4,34,1,11,9,0,4,4,4,34,9,7,5,0,4,4,4,34,1,9,5,0,4,4,4,35,8,9,11,10,0,5,5,5,5,35,1,0,10,11,0,6,6,6,6,34,10,0,2,0,7,7,7,34,2,4,6,0,8,8,8,34,6,8,10,0,9,9,9,34,2,6,10,0,10,10,10,34,14,12,17,1,11,11,11,34,14,15,13,1,12,12,12,34,12,16,18,1,13,13,13,34,15,23,22,1,14,14,14,34,13,22,16,1,15,15,15,34,22,23,28,1,16,16,16,34,16,28,25,1,17,17,17,34,28,27,25,1,18,18,18,34,28,23,27,1,19,19,19,34,27,26,25,1,20,20,20,34,27,21,26,1,21,21,21,34,26,24,25,1,22,22,22,34,26,20,24,1,23,23,23,34,20,18,24,1,24,24,24,34,24,16,25,1,25,25,25,34,16,22,28,1,26,26,26,34,19,26,21,1,27,27,27,34,17,18,20,1,28,28,28,34,18,16,24,1,29,29,29,34,23,21,27,1,30,30,30,34,23,15,21,1,31,31,31,34,15,19,21,1,32,32,32,34,19,20,26,1,33,33,33,34,19,17,20,1,34,34,34,34,17,12,18,1,35,35,35,34,12,13,16,1,36,36,36,34,13,15,22,1,37,37,37,34,14,19,15,1,38,38,38,34,14,17,19,1,39,39,39,34,12,14,13,1,40,40,40],
    "normals":[0.499697,0.0349578,-0.865495,0.999415,0.0342047,0,0.499723,0.0334527,0.865539,-0.499716,0.0334529,0.865543,0,1,0,-0.999415,0.0342055,0,-0.49969,0.034958,-0.865499,-0,-1,0,7.75312e-08,-1,1.34287e-07,-7.75297e-08,-1,1.34287e-07,0,-1,8.95251e-08,0.330131,-0.620088,0.711691,0.143246,-0.598055,-0.78855,0.851106,0.0143495,0.524798,-0.277461,-0.126861,-0.952324,0.809076,-0.0127311,-0.587566,-0.0557803,0.234284,-0.970567,0.947185,0.307598,0.0906849,-0.117367,0.733202,-0.669805,-0.138775,0.282709,-0.949114,-0.531743,0.846858,-0.00893479,-0.962885,0.269814,-0.00722043,-0.316812,0.802515,0.505569,-0.219239,0.27212,0.936955,-0.087336,0.214366,0.972841,0.947185,0.312257,-0.0730513,0.79665,0.0362581,-0.603352,-0.928207,0.132174,0.347795,-0.0307519,0.0564681,0.997931,0.858738,0.128613,0.496013,-0.798459,0.163098,-0.579536,-0.804969,-0.100966,-0.584663,-0.920402,-0.236982,-0.310967,-0.884536,0.12434,0.449595,-0.630212,-0.163086,0.759102,0.477118,-0.153517,0.865327,0.973782,-0.199835,-0.108696,0.167621,-0.443844,-0.880287,-0.869204,-0.453969,-0.195952,-0.613602,-0.502979,0.608691,0.711061,-0.703117,0.00428546],
    "metadata":{
        "version":3,
        "faces":44,
        "uvs":0,
        "normals":41,
        "type":"Geometry",
        "generator":"io_three",
        "vertices":29,
        "colors":0,
        "materials":2
    },
    "uvs":[],
    "vertices":[302.507,-3.70285,287.527,302.507,38.5067,289.232,305.582,-3.70285,289.303,304.137,38.5067,290.173,305.582,-3.70285,292.854,304.137,38.5067,292.056,302.507,-3.70285,294.629,302.507,38.5067,292.998,299.432,-3.70285,292.854,300.876,38.5067,292.056,299.432,-3.70285,289.303,300.876,38.5067,290.173,318.684,30.8462,298.772,316.435,28.4756,282.983,301.62,13.5462,291.614,296.348,29.1676,278.809,322.887,55.4017,291.284,302.212,32.9234,308.223,313.103,60.0207,307.025,288.055,37.0411,297.354,295.2,53.5753,306.838,286.86,54.6515,287.472,309.309,45.9984,272.791,295.421,54.6694,275.682,312.48,89.1373,300.553,310.417,93.4799,292.367,294.958,83.8321,297.994,295.033,83.7357,284.397,314.367,84.4397,281.779],
    "colors":[],
    "materials":[{
        "DbgName":"Tree",
        "blending":1,
        "colorDiffuse":[0.152129,0,0.0169299],
        "depthTest":true,
        "depthWrite":true,
        "DbgColor":15658734,
        "doubleSided":false,
        "vertexColors":false,
        "transparent":false,
        "shading":"lambert",
        "visible":true,
        "DbgIndex":0,
        "wireframe":false,
        "opacity":1,
        "colorEmissive":[0,0,0]
    },{
        "DbgName":"Leaves",
        "blending":1,
        "colorDiffuse":[0.00826386,0.293002,0.190718],
        "depthTest":true,
        "depthWrite":true,
        "DbgColor":15597568,
        "doubleSided":false,
        "vertexColors":false,
        "transparent":false,
        "shading":"lambert",
        "visible":true,
        "DbgIndex":1,
        "wireframe":false,
        "opacity":1,
        "colorEmissive":[0,0,0]
    }]
}